id,timestamp,ph,turbidity,temperature,do_level
1,2024-07-15T00:00:00,7.78,120.01,23.3,216.96
2,2024-07-15T00:01:26,7.97,641.36,30.71,176.08
3,2024-07-15T00:02:52,7.34,123.84,22.62,301.61
4,2024-07-15T00:04:18,6.55,259.07,27.8,313.48
5,2024-07-15T00:05:44,6.94,571.41,29.71,151.95
6,2024-07-15T00:07:10,8.11,658.51,24.08,196.64
7,2024-07-15T00:08:36,8.41,369.28,21.11,179.01
8,2024-07-15T00:10:02,8.19,582.98,29.69,368.92
9,2024-07-15T00:11:28,7.57,878.49,24.54,315.61
10,2024-07-15T00:12:54,8.16,594.82,30.34,323.21
11,2024-07-15T00:14:20,7.91,136.66,22.73,236.82
12,2024-07-15T00:15:46,6.66,286.23,21.21,233.39
13,2024-07-15T00:17:12,7.77,391.87,24.44,212.85
14,2024-07-15T00:18:38,7.03,849.32,27.78,332.74
15,2024-07-15T00:20:04,6.84,683.3,21.96,263.84
16,2024-07-15T00:21:30,8.48,612.0,26.68,355.38
17,2024-07-15T00:22:56,8.19,720.8,22.75,159.63
18,2024-07-15T00:24:22,7.13,314.19,22.53,432.87
19,2024-07-15T00:25:48,8.25,351.74,27.87,268.69
20,2024-07-15T00:27:14,8.33,467.08,23.18,223.99
21,2024-07-15T00:28:40,7.62,310.19,27.02,419.35
22,2024-07-15T00:30:06,7.3,275.46,31.97,302.86
23,2024-07-15T00:31:32,6.68,137.69,21.32,338.23
24,2024-07-15T00:32:58,8.08,437.73,20.76,264.49
25,2024-07-15T00:34:24,8.49,523.29,31.65,408.23
26,2024-07-15T00:35:50,6.52,676.58,28.18,311.09
27,2024-07-15T00:37:16,7.03,612.77,21.34,280.43
28,2024-07-15T00:38:42,7.41,863.05,30.51,229.02
29,2024-07-15T00:40:08,7.5,242.92,30.95,411.16
30,2024-07-15T00:41:34,7.1,611.16,27.31,195.85
31,2024-07-15T00:43:00,8.03,531.5,29.34,309.11
32,2024-07-15T00:44:26,6.5,359.32,20.23,428.73
33,2024-07-15T00:45:52,8.26,765.33,23.69,167.38
34,2024-07-15T00:47:18,8.26,857.56,21.03,295.8
35,2024-07-15T00:48:44,6.64,708.48,29.19,188.52
36,2024-07-15T00:50:10,7.45,539.84,23.18,411.73
37,2024-07-15T00:51:36,7.35,269.44,26.47,368.98
38,2024-07-15T00:53:02,6.9,349.37,31.94,344.96
39,2024-07-15T00:54:28,7.38,514.06,21.45,217.41
40,2024-07-15T00:55:54,7.18,570.65,22.76,216.07
41,2024-07-15T00:57:20,6.64,604.88,22.75,421.63
42,2024-07-15T00:58:46,8.22,156.69,22.86,350.69
43,2024-07-15T01:00:12,6.93,205.85,31.23,321.31
44,2024-07-15T01:01:38,7.45,727.7,29.69,207.12
45,2024-07-15T01:03:04,6.69,444.84,25.08,290.11
46,2024-07-15T01:04:30,7.96,638.69,31.81,179.53
47,2024-07-15T01:05:56,7.31,371.44,30.34,224.6
48,2024-07-15T01:07:22,6.88,458.89,25.06,233.56
49,2024-07-15T01:08:48,7.0,838.61,25.32,408.4
50,2024-07-15T01:10:14,7.6,140.47,31.99,400.81
51,2024-07-15T01:11:40,8.44,841.09,30.18,199.89
52,2024-07-15T01:13:06,7.47,271.0,24.81,167.59
53,2024-07-15T01:14:32,7.26,888.25,23.18,385.22
54,2024-07-15T01:15:58,7.41,438.41,31.49,448.63
55,2024-07-15T01:17:24,7.61,674.73,21.86,239.01
56,2024-07-15T01:18:50,8.44,563.34,26.51,374.39
57,2024-07-15T01:20:16,6.61,567.34,26.03,405.82
58,2024-07-15T01:21:42,6.81,868.62,20.96,205.75
59,2024-07-15T01:23:08,7.69,640.17,22.82,185.97
60,2024-07-15T01:24:34,8.28,296.97,27.13,335.81
61,2024-07-15T01:26:00,7.34,566.94,26.27,430.41
62,2024-07-15T01:27:26,6.91,672.95,22.86,268.74
63,2024-07-15T01:28:52,7.84,340.0,23.79,375.56
64,2024-07-15T01:30:18,6.65,466.63,31.98,448.83
65,2024-07-15T01:31:44,6.65,270.52,23.18,429.98
66,2024-07-15T01:33:10,8.26,803.42,24.43,197.32
67,2024-07-15T01:34:36,8.17,662.83,27.34,446.17
68,2024-07-15T01:36:02,7.81,106.26,29.81,239.81
69,2024-07-15T01:37:28,7.83,851.14,21.61,184.63
70,2024-07-15T01:38:54,6.71,542.58,23.27,331.45
71,2024-07-15T01:40:20,7.94,262.88,27.61,229.2
72,2024-07-15T01:41:46,7.48,824.27,30.15,177.69
73,2024-07-15T01:43:12,7.35,321.34,20.04,381.34
74,2024-07-15T01:44:38,7.77,309.56,28.89,315.5
75,2024-07-15T01:46:04,7.36,107.74,20.9,414.93
76,2024-07-15T01:47:30,8.31,536.47,30.02,324.75
77,2024-07-15T01:48:56,6.8,201.96,23.7,419.69
78,2024-07-15T01:50:22,8.09,788.56,30.79,213.02
79,2024-07-15T01:51:48,7.0,182.23,29.36,415.24
80,2024-07-15T01:53:14,7.31,596.53,21.85,428.96
81,2024-07-15T01:54:40,8.23,880.96,29.73,414.42
82,2024-07-15T01:56:06,6.55,689.25,23.99,429.24
83,2024-07-15T01:57:32,8.1,791.25,29.73,230.04
84,2024-07-15T01:58:58,8.07,186.48,30.47,407.58
85,2024-07-15T02:00:24,6.94,753.27,25.52,241.56
86,2024-07-15T02:01:50,8.09,282.08,20.28,207.94
87,2024-07-15T02:03:16,7.16,791.48,31.6,233.74
88,2024-07-15T02:04:42,7.78,419.74,31.77,310.86
89,2024-07-15T02:06:08,8.38,192.27,31.64,203.57
90,2024-07-15T02:07:34,8.43,312.37,21.3,280.37
91,2024-07-15T02:09:00,7.96,350.94,27.27,303.43
92,2024-07-15T02:10:26,7.27,561.27,23.06,362.64
93,2024-07-15T02:11:52,6.5,840.46,26.46,365.83
94,2024-07-15T02:13:18,7.98,636.5,24.37,170.99
95,2024-07-15T02:14:44,7.83,364.16,23.77,404.4
96,2024-07-15T02:16:10,7.94,340.26,23.71,272.52
97,2024-07-15T02:17:36,7.3,336.52,21.53,276.13
98,2024-07-15T02:19:02,8.38,641.85,30.83,334.65
99,2024-07-15T02:20:28,7.1,538.35,20.0,236.07
100,2024-07-15T02:21:54,7.36,563.99,27.86,289.5
101,2024-07-15T02:23:20,7.38,270.96,25.68,420.35
102,2024-07-15T02:24:46,8.09,235.75,21.02,304.64
103,2024-07-15T02:26:12,7.77,368.15,29.82,375.34
104,2024-07-15T02:27:38,7.85,279.71,22.39,157.33
105,2024-07-15T02:29:04,6.99,480.11,30.2,171.85
106,2024-07-15T02:30:30,7.33,603.81,22.33,358.91
107,2024-07-15T02:31:56,7.49,295.19,27.87,151.66
108,2024-07-15T02:33:22,8.0,716.04,21.28,277.54
109,2024-07-15T02:34:48,6.85,866.37,26.22,165.07
110,2024-07-15T02:36:14,7.0,778.67,25.48,390.42
111,2024-07-15T02:37:40,7.84,890.31,27.15,435.01
112,2024-07-15T02:39:06,8.28,590.12,28.63,301.43
113,2024-07-15T02:40:32,8.16,538.3,30.77,373.1
114,2024-07-15T02:41:58,7.45,307.35,22.97,341.3
115,2024-07-15T02:43:24,8.03,517.04,27.52,232.38
116,2024-07-15T02:44:50,6.65,328.58,23.26,245.91
117,2024-07-15T02:46:16,7.58,210.7,22.78,358.18
118,2024-07-15T02:47:42,7.91,151.38,24.89,312.78
119,2024-07-15T02:49:08,7.33,265.47,25.04,421.45
120,2024-07-15T02:50:34,7.67,656.42,30.28,379.68
121,2024-07-15T02:52:00,7.26,104.72,24.22,376.04
122,2024-07-15T02:53:26,8.21,862.74,25.03,374.25
123,2024-07-15T02:54:52,7.59,582.6,22.65,215.83
124,2024-07-15T02:56:18,7.37,123.22,24.03,353.74
125,2024-07-15T02:57:44,7.31,232.04,25.61,188.29
126,2024-07-15T03:00:00,7.74,121.57,24.73,319.32
127,2024-07-15T03:01:26,6.55,614.2,21.63,288.51
128,2024-07-15T03:02:52,6.6,403.28,22.54,248.05
129,2024-07-15T03:04:18,8.02,403.3,29.02,399.58
130,2024-07-15T03:05:44,7.0,165.52,20.23,311.83
131,2024-07-15T03:07:10,8.5,379.97,27.8,384.37
132,2024-07-15T03:08:36,7.8,703.39,31.4,209.81
133,2024-07-15T03:10:02,6.54,221.91,21.51,350.84
134,2024-07-15T03:11:28,7.63,274.37,28.39,380.07
135,2024-07-15T03:12:54,6.84,585.8,28.98,184.36
136,2024-07-15T03:14:20,8.14,871.78,21.3,157.7
137,2024-07-15T03:15:46,7.12,641.88,31.5,269.0
138,2024-07-15T03:17:12,7.93,160.8,28.29,338.17
139,2024-07-15T03:18:38,6.7,717.98,30.2,330.12
140,2024-07-15T03:20:04,6.74,887.08,29.39,254.16
141,2024-07-15T03:21:30,7.36,396.46,26.07,252.37
142,2024-07-15T03:22:56,8.2,757.86,21.27,438.24
143,2024-07-15T03:24:22,7.77,762.97,28.49,280.65
144,2024-07-15T03:25:48,7.97,872.38,23.24,392.46
145,2024-07-15T03:27:14,7.58,486.8,25.23,369.31
146,2024-07-15T03:28:40,7.04,781.37,29.97,176.0
147,2024-07-15T03:30:06,8.26,295.09,25.58,333.1
148,2024-07-15T03:31:32,7.26,122.96,30.21,204.55
149,2024-07-15T03:32:58,6.92,738.27,24.08,414.1
150,2024-07-15T03:34:24,7.9,321.01,20.12,434.42
151,2024-07-15T03:35:50,6.67,676.06,25.86,377.45
152,2024-07-15T03:37:16,7.88,616.72,25.89,387.88
153,2024-07-15T03:38:42,6.69,277.28,28.3,241.86
154,2024-07-15T03:40:08,7.66,478.61,26.37,277.65
155,2024-07-15T03:41:34,7.99,364.63,28.43,231.27
156,2024-07-15T03:43:00,7.0,196.52,22.31,185.87
157,2024-07-15T03:44:26,7.57,709.75,22.22,214.92
158,2024-07-15T03:45:52,7.47,679.67,31.72,307.39
159,2024-07-15T03:47:18,7.07,180.42,22.33,218.24
160,2024-07-15T03:48:44,6.86,111.32,26.41,232.29
161,2024-07-15T03:50:10,8.45,542.69,28.37,187.88
162,2024-07-15T03:51:36,8.24,492.7,30.47,322.22
163,2024-07-15T03:53:02,7.44,452.38,22.21,165.41
164,2024-07-15T03:54:28,8.38,482.18,29.87,270.21
165,2024-07-15T03:55:54,6.65,603.56,20.64,194.76
166,2024-07-15T03:57:20,7.63,343.07,31.93,185.54
167,2024-07-15T03:58:46,8.03,585.05,29.49,217.71
168,2024-07-15T04:00:12,7.55,460.41,25.31,408.05
169,2024-07-15T04:01:38,8.48,344.3,27.45,332.89
170,2024-07-15T04:03:04,7.98,858.07,22.49,213.31
171,2024-07-15T04:04:30,7.82,225.65,22.09,172.52
172,2024-07-15T04:05:56,6.51,460.4,27.13,237.38
173,2024-07-15T04:07:22,6.96,665.56,28.44,286.21
174,2024-07-15T04:08:48,7.87,839.13,29.45,337.52
175,2024-07-15T04:10:14,7.82,846.93,25.1,313.37
176,2024-07-15T04:11:40,7.8,826.73,29.92,171.42
177,2024-07-15T04:13:06,6.83,346.09,28.99,320.76
178,2024-07-15T04:14:32,7.08,199.48,28.26,359.92
179,2024-07-15T04:15:58,8.39,500.38,25.93,174.13
180,2024-07-15T04:17:24,6.58,445.62,23.87,225.11
181,2024-07-15T04:18:50,6.68,869.53,30.03,322.56
182,2024-07-15T04:20:16,8.4,899.66,28.07,230.85
183,2024-07-15T04:21:42,6.58,705.02,25.65,345.45
184,2024-07-15T04:23:08,8.33,245.19,27.02,340.44
185,2024-07-15T04:24:34,7.48,172.99,24.18,249.99
186,2024-07-15T04:26:00,7.84,786.19,23.96,358.1
187,2024-07-15T04:27:26,7.08,856.15,29.76,315.03
188,2024-07-15T04:28:52,7.41,351.61,23.88,441.06
189,2024-07-15T04:30:18,7.31,511.68,31.86,347.3
190,2024-07-15T04:31:44,7.59,430.6,22.25,258.53
191,2024-07-15T04:33:10,8.01,600.33,29.12,211.07
192,2024-07-15T04:34:36,7.6,842.14,25.26,359.48
193,2024-07-15T04:36:02,6.74,878.52,27.31,221.79
194,2024-07-15T04:37:28,6.82,540.67,26.63,177.96
195,2024-07-15T04:38:54,8.48,830.34,25.54,185.24
196,2024-07-15T04:40:20,8.16,498.7,28.6,302.66
197,2024-07-15T04:41:46,7.05,767.78,31.76,223.12
198,2024-07-15T04:43:12,7.6,406.87,31.06,302.47
199,2024-07-15T04:44:38,8.26,791.22,23.31,387.0
200,2024-07-15T04:46:04,7.33,847.4,26.09,396.16
201,2024-07-15T04:47:30,7.07,338.84,27.04,449.67
202,2024-07-15T04:48:56,7.48,218.88,26.46,253.54
203,2024-07-15T04:50:22,7.6,534.74,25.46,246.53
204,2024-07-15T04:51:48,6.88,658.0,26.86,220.07
205,2024-07-15T04:53:14,8.05,134.92,28.94,361.57
206,2024-07-15T04:54:40,8.12,408.86,27.96,396.22
207,2024-07-15T04:56:06,8.46,496.26,20.44,300.69
208,2024-07-15T04:57:32,7.68,795.76,30.49,282.09
209,2024-07-15T04:58:58,7.55,465.54,28.67,272.99
210,2024-07-15T05:00:24,7.81,223.49,25.63,440.76
211,2024-07-15T05:01:50,7.18,654.16,27.8,405.53
212,2024-07-15T05:03:16,8.2,787.47,24.56,245.0
213,2024-07-15T05:04:42,7.94,707.52,30.47,160.77
214,2024-07-15T05:06:08,6.64,604.93,31.05,449.23
215,2024-07-15T05:07:34,7.99,447.18,21.18,340.12
216,2024-07-15T05:09:00,8.25,454.94,28.33,421.03
217,2024-07-15T05:10:26,6.59,736.91,23.52,262.45
218,2024-07-15T05:11:52,6.79,524.93,26.79,387.76
219,2024-07-15T05:13:18,6.84,163.17,30.45,335.91
220,2024-07-15T05:14:44,6.98,830.26,21.72,288.34
221,2024-07-15T05:16:10,7.01,304.26,20.11,391.39
222,2024-07-15T05:17:36,8.3,642.09,21.9,282.52
223,2024-07-15T05:19:02,7.19,570.06,27.67,277.29
224,2024-07-15T05:20:28,7.0,776.24,22.39,265.41
225,2024-07-15T05:21:54,7.47,289.76,26.86,322.44
226,2024-07-15T05:23:20,8.49,336.18,31.74,347.47
227,2024-07-15T05:24:46,7.05,552.74,28.23,373.4
228,2024-07-15T05:26:12,6.6,585.13,25.96,421.25
229,2024-07-15T05:27:38,7.07,739.09,27.28,255.7
230,2024-07-15T05:29:04,7.77,596.71,28.13,366.28
231,2024-07-15T05:30:30,7.82,770.67,27.54,421.02
232,2024-07-15T05:31:56,7.79,347.15,25.29,323.87
233,2024-07-15T05:33:22,7.96,172.11,23.54,374.24
234,2024-07-15T05:34:48,6.85,205.73,26.47,441.45
235,2024-07-15T05:36:14,7.56,830.79,29.97,227.09
236,2024-07-15T05:37:40,8.15,485.48,29.68,373.97
237,2024-07-15T05:39:06,7.18,192.14,31.55,192.23
238,2024-07-15T05:40:32,8.43,788.11,28.69,443.98
239,2024-07-15T05:41:58,8.43,743.67,24.39,387.2
240,2024-07-15T05:43:24,6.53,529.26,25.46,351.85
241,2024-07-15T05:44:50,7.84,567.65,29.87,432.09
242,2024-07-15T05:46:16,6.72,287.06,20.3,415.27
243,2024-07-15T05:47:42,7.62,832.2,22.66,168.97
244,2024-07-15T05:49:08,8.15,827.51,23.63,272.49
245,2024-07-15T05:50:34,6.78,857.01,23.65,297.79
246,2024-07-15T05:52:00,6.69,809.81,21.63,286.09
247,2024-07-15T05:53:26,7.84,694.51,31.35,275.74
248,2024-07-15T05:54:52,7.98,223.62,24.98,179.71
249,2024-07-15T05:56:18,7.48,426.49,31.42,159.81
250,2024-07-15T05:57:44,7.24,454.71,31.41,406.64
251,2024-07-15T06:00:00,6.7,648.54,26.53,443.35
252,2024-07-15T06:01:26,7.22,418.51,22.28,186.65
253,2024-07-15T06:02:52,8.2,463.77,27.95,342.51
254,2024-07-15T06:04:18,7.69,117.09,29.44,223.07
255,2024-07-15T06:05:44,6.75,551.66,20.82,379.55
256,2024-07-15T06:07:10,6.91,272.76,30.44,248.57
257,2024-07-15T06:08:36,6.8,820.42,20.03,407.52
258,2024-07-15T06:10:02,6.79,203.99,23.01,202.35
259,2024-07-15T06:11:28,7.82,120.62,20.18,387.0
260,2024-07-15T06:12:54,6.98,359.02,22.09,165.72
261,2024-07-15T06:14:20,7.98,520.87,28.95,292.87
262,2024-07-15T06:15:46,8.06,510.59,21.31,301.15
263,2024-07-15T06:17:12,8.39,134.69,29.4,410.09
264,2024-07-15T06:18:38,7.54,466.43,31.57,168.25
265,2024-07-15T06:20:04,7.46,421.29,28.23,297.08
266,2024-07-15T06:21:30,8.32,158.79,20.97,332.49
267,2024-07-15T06:22:56,6.63,320.01,27.6,314.51
268,2024-07-15T06:24:22,7.15,895.7,26.37,286.11
269,2024-07-15T06:25:48,7.71,179.34,28.42,405.84
270,2024-07-15T06:27:14,7.8,715.17,28.65,214.51
271,2024-07-15T06:28:40,7.4,282.79,24.07,286.05
272,2024-07-15T06:30:06,7.33,176.07,25.12,349.53
273,2024-07-15T06:31:32,7.25,222.11,31.08,170.14
274,2024-07-15T06:32:58,8.16,174.58,21.16,371.64
275,2024-07-15T06:34:24,8.12,545.1,27.04,318.48
276,2024-07-15T06:35:50,7.16,197.79,24.24,349.6
277,2024-07-15T06:37:16,8.0,794.47,28.65,440.52
278,2024-07-15T06:38:42,7.7,381.32,26.94,213.82
279,2024-07-15T06:40:08,7.81,279.4,21.3,403.61
280,2024-07-15T06:41:34,7.24,710.08,26.89,392.17
281,2024-07-15T06:43:00,8.19,879.64,29.82,334.07
282,2024-07-15T06:44:26,7.79,121.0,31.15,398.84
283,2024-07-15T06:45:52,7.03,244.33,28.43,242.7
284,2024-07-15T06:47:18,7.18,104.88,30.44,319.9
285,2024-07-15T06:48:44,7.3,213.5,27.6,159.2
286,2024-07-15T06:50:10,7.99,272.11,25.04,252.27
287,2024-07-15T06:51:36,7.24,677.28,29.32,320.28
288,2024-07-15T06:53:02,6.67,142.09,21.89,335.35
289,2024-07-15T06:54:28,7.85,317.68,27.94,295.7
290,2024-07-15T06:55:54,7.38,318.53,29.06,184.15
291,2024-07-15T06:57:20,7.36,326.6,28.14,295.99
292,2024-07-15T06:58:46,7.83,136.33,24.74,329.8
293,2024-07-15T07:00:12,6.52,341.14,22.53,191.17
294,2024-07-15T07:01:38,7.01,362.5,20.09,374.1
295,2024-07-15T07:03:04,6.85,404.17,28.44,300.08
296,2024-07-15T07:04:30,8.17,744.96,20.86,408.53
297,2024-07-15T07:05:56,6.58,114.99,31.05,408.63
298,2024-07-15T07:07:22,7.65,558.72,28.51,275.31
299,2024-07-15T07:08:48,6.73,116.69,23.9,390.4
300,2024-07-15T07:10:14,7.74,765.62,31.04,176.44
301,2024-07-15T07:11:40,8.19,294.65,27.07,307.19
302,2024-07-15T07:13:06,7.29,348.22,24.07,249.92
303,2024-07-15T07:14:32,6.84,508.39,21.37,302.99
304,2024-07-15T07:15:58,8.31,379.5,28.73,395.68
305,2024-07-15T07:17:24,8.13,289.02,21.76,209.18
306,2024-07-15T07:18:50,7.7,708.17,27.87,203.14
307,2024-07-15T07:20:16,8.05,495.29,29.05,377.96
308,2024-07-15T07:21:42,7.4,839.32,26.77,340.59
309,2024-07-15T07:23:08,7.75,791.4,27.53,195.29
310,2024-07-15T07:24:34,6.64,453.77,23.63,232.4
311,2024-07-15T07:26:00,6.61,505.87,23.72,285.57
312,2024-07-15T07:27:26,6.61,765.36,20.92,409.28
313,2024-07-15T07:28:52,8.21,592.01,26.08,288.81
314,2024-07-15T07:30:18,7.61,733.45,30.75,284.92
315,2024-07-15T07:31:44,8.12,621.47,23.86,292.69
316,2024-07-15T07:33:10,6.8,149.5,21.24,419.74
317,2024-07-15T07:34:36,7.19,671.45,26.05,201.77
318,2024-07-15T07:36:02,7.0,450.21,25.27,306.82
319,2024-07-15T07:37:28,6.82,398.28,23.39,272.63
320,2024-07-15T07:38:54,7.18,578.31,29.47,344.19
321,2024-07-15T07:40:20,6.63,175.6,28.14,235.24
322,2024-07-15T07:41:46,7.95,625.25,30.88,411.98
323,2024-07-15T07:43:12,7.17,566.19,21.7,254.95
324,2024-07-15T07:44:38,8.44,658.78,24.7,328.51
325,2024-07-15T07:46:04,8.38,347.67,24.52,387.5
326,2024-07-15T07:47:30,8.13,636.09,29.95,371.63
327,2024-07-15T07:48:56,7.87,521.11,27.75,277.02
328,2024-07-15T07:50:22,7.22,390.08,22.16,214.26
329,2024-07-15T07:51:48,8.4,489.02,22.72,191.27
330,2024-07-15T07:53:14,6.65,775.54,21.21,381.26
331,2024-07-15T07:54:40,8.17,806.95,20.45,251.03
332,2024-07-15T07:56:06,8.03,204.84,24.52,198.67
333,2024-07-15T07:57:32,8.16,716.88,29.71,199.66
334,2024-07-15T07:58:58,7.38,428.69,28.12,221.26
335,2024-07-15T08:00:24,7.39,327.94,28.98,284.68
336,2024-07-15T08:01:50,7.57,347.57,29.7,290.7
337,2024-07-15T08:03:16,8.17,394.27,31.37,445.33
338,2024-07-15T08:04:42,7.42,325.42,24.58,308.24
339,2024-07-15T08:06:08,8.43,753.51,29.62,191.52
340,2024-07-15T08:07:34,7.0,612.94,30.49,316.36
341,2024-07-15T08:09:00,6.71,776.71,30.21,235.52
342,2024-07-15T08:10:26,8.03,318.23,30.86,194.2
343,2024-07-15T08:11:52,7.37,857.13,22.66,285.34
344,2024-07-15T08:13:18,7.2,121.34,20.64,300.6
345,2024-07-15T08:14:44,6.97,895.62,24.5,158.46
346,2024-07-15T08:16:10,8.36,771.34,27.8,387.41
347,2024-07-15T08:17:36,6.78,329.5,29.96,358.82
348,2024-07-15T08:19:02,6.78,664.43,25.38,151.58
349,2024-07-15T08:20:28,6.66,304.74,30.02,314.64
350,2024-07-15T08:21:54,7.95,522.22,21.33,236.43
351,2024-07-15T08:23:20,7.1,138.2,25.04,388.17
352,2024-07-15T08:24:46,7.41,188.69,30.86,329.02
353,2024-07-15T08:26:12,6.53,512.3,22.9,193.07
354,2024-07-15T08:27:38,7.36,591.85,22.89,274.97
355,2024-07-15T08:29:04,7.83,168.49,31.7,170.3
356,2024-07-15T08:30:30,7.55,505.86,31.86,316.25
357,2024-07-15T08:31:56,7.28,476.11,27.63,444.31
358,2024-07-15T08:33:22,7.01,112.99,29.46,253.44
359,2024-07-15T08:34:48,7.97,602.61,29.26,370.56
360,2024-07-15T08:36:14,7.17,135.47,26.55,394.05
361,2024-07-15T08:37:40,6.85,723.31,25.58,358.62
362,2024-07-15T08:39:06,7.76,749.2,20.76,382.86
363,2024-07-15T08:40:32,7.42,334.75,20.53,209.84
364,2024-07-15T08:41:58,6.58,846.7,26.18,446.74
365,2024-07-15T08:43:24,7.59,302.65,29.04,207.33
366,2024-07-15T08:44:50,7.21,724.67,30.39,249.58
367,2024-07-15T08:46:16,6.75,394.42,30.67,372.99
368,2024-07-15T08:47:42,8.29,409.32,31.68,298.86
369,2024-07-15T08:49:08,7.5,839.45,26.23,390.34
370,2024-07-15T08:50:34,7.95,163.14,27.23,396.7
371,2024-07-15T08:52:00,7.59,356.97,20.96,348.28
372,2024-07-15T08:53:26,7.11,582.1,25.11,356.93
373,2024-07-15T08:54:52,7.2,133.88,30.44,255.77
374,2024-07-15T08:56:18,8.5,319.64,31.76,434.37
375,2024-07-15T08:57:44,6.65,610.01,24.36,390.33
376,2024-07-15T09:00:00,7.86,862.23,21.71,332.27
377,2024-07-15T09:01:26,8.06,127.84,20.81,383.55
378,2024-07-15T09:02:52,7.23,406.28,26.81,331.53
379,2024-07-15T09:04:18,7.86,859.06,24.46,378.93
380,2024-07-15T09:05:44,7.65,523.57,24.78,344.87
381,2024-07-15T09:07:10,7.0,190.76,28.83,299.71
382,2024-07-15T09:08:36,7.27,549.34,23.14,228.09
383,2024-07-15T09:10:02,7.39,897.09,23.43,424.94
384,2024-07-15T09:11:28,7.48,198.11,30.23,285.61
385,2024-07-15T09:12:54,8.3,456.09,21.05,354.58
386,2024-07-15T09:14:20,8.19,355.67,24.17,169.48
387,2024-07-15T09:15:46,7.58,813.07,30.22,363.54
388,2024-07-15T09:17:12,8.35,610.16,29.52,302.63
389,2024-07-15T09:18:38,6.74,260.78,21.67,387.11
390,2024-07-15T09:20:04,6.55,543.22,24.43,391.1
391,2024-07-15T09:21:30,7.6,589.56,21.03,242.79
392,2024-07-15T09:22:56,8.5,675.1,26.31,380.75
393,2024-07-15T09:24:22,8.15,159.0,31.67,342.7
394,2024-07-15T09:25:48,7.4,644.09,24.13,413.39
395,2024-07-15T09:27:14,8.06,611.84,22.18,439.88
396,2024-07-15T09:28:40,7.37,828.57,20.66,187.25
397,2024-07-15T09:30:06,6.81,231.73,23.87,362.8
398,2024-07-15T09:31:32,7.19,852.72,30.74,403.78
399,2024-07-15T09:32:58,7.0,608.05,26.61,187.55
400,2024-07-15T09:34:24,7.11,526.78,26.03,200.59
401,2024-07-15T09:35:50,8.38,223.36,27.9,366.19
402,2024-07-15T09:37:16,7.71,774.02,26.76,397.57
403,2024-07-15T09:38:42,6.56,136.37,27.7,323.03
404,2024-07-15T09:40:08,7.8,713.57,25.0,341.7
405,2024-07-15T09:41:34,7.5,601.73,23.48,437.0
406,2024-07-15T09:43:00,7.47,743.75,28.22,239.23
407,2024-07-15T09:44:26,6.65,147.93,25.28,295.28
408,2024-07-15T09:45:52,6.91,585.33,23.75,365.51
409,2024-07-15T09:47:18,7.97,788.62,31.7,189.23
410,2024-07-15T09:48:44,7.24,549.32,23.83,289.94
411,2024-07-15T09:50:10,7.03,298.34,21.16,237.06
412,2024-07-15T09:51:36,7.27,592.3,22.98,409.59
413,2024-07-15T09:53:02,6.82,361.95,26.93,243.81
414,2024-07-15T09:54:28,8.03,498.61,26.18,299.63
415,2024-07-15T09:55:54,7.12,118.54,31.34,301.63
416,2024-07-15T09:57:20,8.43,272.12,24.23,165.16
417,2024-07-15T09:58:46,7.49,805.87,27.85,291.18
418,2024-07-15T10:00:12,7.57,777.74,25.17,414.74
419,2024-07-15T10:01:38,7.96,711.09,24.39,270.17
420,2024-07-15T10:03:04,7.64,255.72,26.64,172.06
421,2024-07-15T10:04:30,7.51,711.52,23.36,446.73
422,2024-07-15T10:05:56,7.86,195.05,31.7,268.17
423,2024-07-15T10:07:22,8.09,371.27,31.27,376.49
424,2024-07-15T10:08:48,6.9,507.3,26.0,163.59
425,2024-07-15T10:10:14,6.77,366.43,25.68,287.1
426,2024-07-15T10:11:40,7.71,512.4,23.94,333.92
427,2024-07-15T10:13:06,6.83,892.49,28.87,239.77
428,2024-07-15T10:14:32,7.17,762.63,26.39,362.62
429,2024-07-15T10:15:58,7.1,752.6,24.42,352.14
430,2024-07-15T10:17:24,8.46,566.96,29.56,367.6
431,2024-07-15T10:18:50,7.88,121.32,25.7,440.12
432,2024-07-15T10:20:16,8.07,720.93,26.93,366.42
433,2024-07-15T10:21:42,7.67,236.41,27.55,335.92
434,2024-07-15T10:23:08,8.18,218.22,28.17,159.47
435,2024-07-15T10:24:34,8.4,187.92,20.23,244.11
436,2024-07-15T10:26:00,6.8,652.4,24.92,382.49
437,2024-07-15T10:27:26,8.34,798.25,28.83,168.68
438,2024-07-15T10:28:52,6.78,265.87,23.9,348.67
439,2024-07-15T10:30:18,7.55,351.0,22.08,423.64
440,2024-07-15T10:31:44,7.18,383.43,29.26,366.28
441,2024-07-15T10:33:10,7.79,654.65,27.32,207.68
442,2024-07-15T10:34:36,6.99,546.47,22.7,441.87
443,2024-07-15T10:36:02,7.1,331.2,22.49,361.5
444,2024-07-15T10:37:28,7.13,379.04,31.2,388.62
445,2024-07-15T10:38:54,7.05,197.5,28.12,263.91
446,2024-07-15T10:40:20,8.46,754.7,31.46,391.38
447,2024-07-15T10:41:46,7.08,330.1,28.57,253.91
448,2024-07-15T10:43:12,7.38,305.16,25.75,210.62
449,2024-07-15T10:44:38,7.58,846.42,28.35,191.18
450,2024-07-15T10:46:04,7.73,569.46,22.91,350.95
451,2024-07-15T10:47:30,7.56,610.36,20.63,273.99
452,2024-07-15T10:48:56,7.93,180.44,29.25,151.55
453,2024-07-15T10:50:22,7.6,843.28,24.88,430.51
454,2024-07-15T10:51:48,8.26,481.96,22.39,439.17
455,2024-07-15T10:53:14,7.14,616.72,30.9,176.84
456,2024-07-15T10:54:40,7.65,528.12,28.68,431.0
457,2024-07-15T10:56:06,8.33,240.05,30.59,202.74
458,2024-07-15T10:57:32,8.34,897.74,24.76,298.62
459,2024-07-15T10:58:58,8.37,869.71,31.11,413.02
460,2024-07-15T11:00:24,6.52,554.37,21.29,444.9
461,2024-07-15T11:01:50,7.07,891.28,26.52,298.17
462,2024-07-15T11:03:16,8.38,780.85,25.62,207.84
463,2024-07-15T11:04:42,6.73,230.0,25.51,227.18
464,2024-07-15T11:06:08,6.87,689.29,29.49,320.33
465,2024-07-15T11:07:34,8.01,240.4,30.27,419.11
466,2024-07-15T11:09:00,8.15,512.22,21.04,350.78
467,2024-07-15T11:10:26,6.87,212.49,23.88,224.41
468,2024-07-15T11:11:52,7.02,288.42,29.05,436.21
469,2024-07-15T11:13:18,7.1,678.31,20.14,346.11
470,2024-07-15T11:14:44,7.89,149.7,21.42,242.04
471,2024-07-15T11:16:10,7.31,502.02,30.74,361.07
472,2024-07-15T11:17:36,7.12,193.93,30.99,238.51
473,2024-07-15T11:19:02,7.73,275.3,21.6,195.96
474,2024-07-15T11:20:28,8.0,584.59,24.99,314.77
475,2024-07-15T11:21:54,7.44,530.01,27.97,215.52
476,2024-07-15T11:23:20,6.99,703.79,30.48,174.56
477,2024-07-15T11:24:46,7.39,663.01,20.94,319.25
478,2024-07-15T11:26:12,6.62,538.12,26.07,321.81
479,2024-07-15T11:27:38,6.8,362.49,26.24,184.87
480,2024-07-15T11:29:04,6.91,566.52,21.09,303.11
481,2024-07-15T11:30:30,8.12,462.75,26.16,287.04
482,2024-07-15T11:31:56,6.62,469.9,29.68,366.98
483,2024-07-15T11:33:22,7.29,753.16,28.95,323.49
484,2024-07-15T11:34:48,6.59,375.62,20.77,448.24
485,2024-07-15T11:36:14,8.37,155.22,31.21,159.52
486,2024-07-15T11:37:40,7.32,715.18,29.19,443.5
487,2024-07-15T11:39:06,7.79,436.29,31.91,264.74
488,2024-07-15T11:40:32,8.24,825.41,24.51,354.82
489,2024-07-15T11:41:58,7.82,531.44,27.84,254.33
490,2024-07-15T11:43:24,6.86,529.81,26.35,368.36
491,2024-07-15T11:44:50,6.95,102.78,20.27,239.51
492,2024-07-15T11:46:16,7.85,535.56,26.38,397.01
493,2024-07-15T11:47:42,7.0,376.93,23.31,431.22
494,2024-07-15T11:49:08,7.95,190.28,29.71,275.77
495,2024-07-15T11:50:34,8.03,807.01,20.19,211.82
496,2024-07-15T11:52:00,6.7,126.86,27.17,360.99
497,2024-07-15T11:53:26,6.6,692.43,24.83,220.3
498,2024-07-15T11:54:52,6.93,790.98,20.68,301.17
499,2024-07-15T11:56:18,7.08,752.63,28.78,245.67
500,2024-07-15T11:57:44,7.7,638.03,23.85,240.53
501,2024-07-15T12:00:00,6.79,628.17,22.65,240.15
502,2024-07-15T12:01:26,6.62,858.82,30.56,423.47
503,2024-07-15T12:02:52,7.75,441.76,25.95,441.69
504,2024-07-15T12:04:18,8.38,637.07,29.43,245.62
505,2024-07-15T12:05:44,7.33,219.37,24.52,376.32
506,2024-07-15T12:07:10,7.45,779.47,23.61,362.27
507,2024-07-15T12:08:36,8.11,831.79,26.75,440.34
508,2024-07-15T12:10:02,7.61,207.27,22.91,211.0
509,2024-07-15T12:11:28,7.79,837.78,30.17,177.74
510,2024-07-15T12:12:54,7.95,252.39,23.22,352.1
511,2024-07-15T12:14:20,7.71,798.9,22.26,378.51
512,2024-07-15T12:15:46,7.95,547.08,25.75,410.84
513,2024-07-15T12:17:12,7.17,865.62,20.18,431.15
514,2024-07-15T12:18:38,8.42,193.85,31.99,293.68
515,2024-07-15T12:20:04,6.99,583.52,22.45,424.54
516,2024-07-15T12:21:30,7.6,720.41,24.57,310.1
517,2024-07-15T12:22:56,7.22,309.25,26.15,299.18
518,2024-07-15T12:24:22,6.7,885.05,25.63,401.92
519,2024-07-15T12:25:48,8.33,396.56,24.97,318.76
520,2024-07-15T12:27:14,6.94,216.74,23.13,430.43
521,2024-07-15T12:28:40,7.66,434.06,21.83,248.96
522,2024-07-15T12:30:06,7.26,766.69,25.99,346.38
523,2024-07-15T12:31:32,7.87,305.86,29.86,439.95
524,2024-07-15T12:32:58,7.78,492.48,22.02,388.49
525,2024-07-15T12:34:24,6.84,676.25,25.86,425.07
526,2024-07-15T12:35:50,7.58,613.45,20.7,160.15
527,2024-07-15T12:37:16,8.19,856.15,28.02,379.3
528,2024-07-15T12:38:42,7.32,774.04,22.78,362.15
529,2024-07-15T12:40:08,6.52,504.59,24.48,335.35
530,2024-07-15T12:41:34,7.83,593.22,25.8,296.36
531,2024-07-15T12:43:00,6.51,541.31,20.14,308.83
532,2024-07-15T12:44:26,7.05,881.98,20.21,393.95
533,2024-07-15T12:45:52,7.85,744.93,30.92,182.1
534,2024-07-15T12:47:18,6.69,219.12,22.3,307.94
535,2024-07-15T12:48:44,8.13,313.86,24.76,261.92
536,2024-07-15T12:50:10,7.31,552.0,31.88,217.76
537,2024-07-15T12:51:36,7.87,778.29,27.84,407.47
538,2024-07-15T12:53:02,8.02,174.8,24.55,315.81
539,2024-07-15T12:54:28,6.61,107.56,22.06,299.96
540,2024-07-15T12:55:54,7.37,727.5,26.79,407.39
541,2024-07-15T12:57:20,6.69,522.53,20.51,213.43
542,2024-07-15T12:58:46,8.24,810.04,25.71,163.97
543,2024-07-15T13:00:12,6.65,840.47,30.79,319.05
544,2024-07-15T13:01:38,6.57,843.01,23.77,438.44
545,2024-07-15T13:03:04,7.67,701.8,28.55,269.49
546,2024-07-15T13:04:30,6.65,229.96,22.89,400.4
547,2024-07-15T13:05:56,7.28,817.22,23.98,376.68
548,2024-07-15T13:07:22,6.78,890.78,28.69,300.24
549,2024-07-15T13:08:48,8.45,142.96,25.25,401.6
550,2024-07-15T13:10:14,7.18,715.2,31.46,269.01
551,2024-07-15T13:11:40,8.05,123.7,23.28,447.78
552,2024-07-15T13:13:06,7.48,384.65,31.29,279.55
553,2024-07-15T13:14:32,7.86,628.54,21.03,335.58
554,2024-07-15T13:15:58,8.1,670.49,20.98,196.27
555,2024-07-15T13:17:24,7.92,607.12,28.88,245.0
556,2024-07-15T13:18:50,6.71,104.16,23.7,257.98
557,2024-07-15T13:20:16,7.04,206.01,22.25,284.65
558,2024-07-15T13:21:42,7.61,426.44,20.32,256.17
559,2024-07-15T13:23:08,6.69,578.44,23.89,265.57
560,2024-07-15T13:24:34,7.08,410.24,21.02,420.34
561,2024-07-15T13:26:00,8.31,882.54,26.86,200.87
562,2024-07-15T13:27:26,7.26,211.07,23.61,297.94
563,2024-07-15T13:28:52,6.63,447.74,25.05,295.27
564,2024-07-15T13:30:18,6.65,301.36,22.96,337.51
565,2024-07-15T13:31:44,7.69,256.44,21.28,241.4
566,2024-07-15T13:33:10,8.4,365.77,27.44,391.22
567,2024-07-15T13:34:36,7.16,367.79,29.79,407.85
568,2024-07-15T13:36:02,8.45,208.9,23.85,434.18
569,2024-07-15T13:37:28,6.9,351.35,31.57,440.62
570,2024-07-15T13:38:54,7.08,655.97,25.89,322.76
571,2024-07-15T13:40:20,6.98,400.84,29.8,267.88
572,2024-07-15T13:41:46,6.73,551.08,27.11,313.69
573,2024-07-15T13:43:12,7.86,540.08,31.44,288.49
574,2024-07-15T13:44:38,7.92,450.76,23.5,357.85
575,2024-07-15T13:46:04,8.14,736.53,24.91,299.79
576,2024-07-15T13:47:30,7.77,293.62,27.9,364.57
577,2024-07-15T13:48:56,8.08,159.17,31.89,293.77
578,2024-07-15T13:50:22,7.3,505.29,31.04,357.51
579,2024-07-15T13:51:48,7.59,732.58,24.31,418.65
580,2024-07-15T13:53:14,7.57,610.54,21.02,380.69
581,2024-07-15T13:54:40,7.82,384.01,27.76,163.29
582,2024-07-15T13:56:06,8.47,641.98,24.8,375.8
583,2024-07-15T13:57:32,8.43,444.36,20.13,227.62
584,2024-07-15T13:58:58,7.52,515.04,26.97,322.57
585,2024-07-15T14:00:24,7.39,412.91,29.27,326.58
586,2024-07-15T14:01:50,7.5,375.97,20.29,181.36
587,2024-07-15T14:03:16,7.33,869.38,21.39,432.2
588,2024-07-15T14:04:42,6.78,349.51,25.46,212.06
589,2024-07-15T14:06:08,7.47,480.93,25.26,359.03
590,2024-07-15T14:07:34,7.14,340.21,29.72,184.53
591,2024-07-15T14:09:00,8.2,618.38,28.13,199.31
592,2024-07-15T14:10:26,8.47,295.13,22.09,198.04
593,2024-07-15T14:11:52,7.62,866.77,22.78,271.51
594,2024-07-15T14:13:18,6.87,612.38,25.19,158.76
595,2024-07-15T14:14:44,7.73,257.86,27.11,266.65
596,2024-07-15T14:16:10,7.91,264.63,29.03,392.62
597,2024-07-15T14:17:36,6.63,181.4,30.46,206.09
598,2024-07-15T14:19:02,7.15,466.04,23.15,408.79
599,2024-07-15T14:20:28,7.56,611.29,27.16,333.39
600,2024-07-15T14:21:54,7.67,378.34,30.15,335.21
601,2024-07-15T14:23:20,8.13,664.79,23.57,334.35
602,2024-07-15T14:24:46,6.67,207.16,21.41,241.61
603,2024-07-15T14:26:12,6.87,654.75,26.13,275.47
604,2024-07-15T14:27:38,6.78,406.97,22.23,340.65
605,2024-07-15T14:29:04,7.89,616.21,32.0,316.47
606,2024-07-15T14:30:30,7.48,212.24,23.77,285.3
607,2024-07-15T14:31:56,6.61,387.23,20.12,190.96
608,2024-07-15T14:33:22,8.13,871.06,26.07,298.49
609,2024-07-15T14:34:48,7.87,432.5,30.08,296.61
610,2024-07-15T14:36:14,6.67,124.69,29.13,237.63
611,2024-07-15T14:37:40,7.05,530.09,22.02,287.2
612,2024-07-15T14:39:06,7.99,712.74,26.6,183.96
613,2024-07-15T14:40:32,6.73,720.09,29.88,260.06
614,2024-07-15T14:41:58,8.15,133.29,28.63,313.91
615,2024-07-15T14:43:24,8.48,181.93,29.96,375.4
616,2024-07-15T14:44:50,7.1,899.45,25.4,254.57
617,2024-07-15T14:46:16,8.13,451.26,31.93,382.69
618,2024-07-15T14:47:42,6.97,748.56,27.06,255.19
619,2024-07-15T14:49:08,7.92,606.22,21.99,191.77
620,2024-07-15T14:50:34,6.91,265.55,20.71,255.24
621,2024-07-15T14:52:00,7.06,531.01,23.88,361.22
622,2024-07-15T14:53:26,7.08,313.87,30.3,445.65
623,2024-07-15T14:54:52,7.86,176.18,31.55,385.71
624,2024-07-15T14:56:18,8.34,893.99,30.4,188.07
625,2024-07-15T14:57:44,8.23,299.74,28.54,398.54
626,2024-07-15T15:00:00,8.02,640.99,25.87,323.23
627,2024-07-15T15:01:26,7.04,431.38,25.42,340.09
628,2024-07-15T15:02:52,8.26,174.48,26.19,233.47
629,2024-07-15T15:04:18,8.37,395.26,31.4,248.19
630,2024-07-15T15:05:44,6.5,719.31,28.79,369.28
631,2024-07-15T15:07:10,7.42,631.32,24.3,169.0
632,2024-07-15T15:08:36,7.57,274.26,25.16,213.56
633,2024-07-15T15:10:02,7.04,762.67,24.05,323.38
634,2024-07-15T15:11:28,7.63,488.27,24.12,354.77
635,2024-07-15T15:12:54,6.6,179.66,29.41,287.87
636,2024-07-15T15:14:20,6.75,786.12,25.3,150.2
637,2024-07-15T15:15:46,8.42,261.85,28.26,189.57
638,2024-07-15T15:17:12,7.8,227.18,31.19,232.21
639,2024-07-15T15:18:38,7.81,300.31,24.46,421.14
640,2024-07-15T15:20:04,6.83,417.07,23.67,359.83
641,2024-07-15T15:21:30,6.97,624.39,28.44,150.33
642,2024-07-15T15:22:56,7.45,206.16,22.71,353.99
643,2024-07-15T15:24:22,6.52,656.48,29.81,446.45
644,2024-07-15T15:25:48,7.34,205.74,20.85,264.92
645,2024-07-15T15:27:14,7.96,181.94,23.76,414.3
646,2024-07-15T15:28:40,6.77,718.77,29.04,189.94
647,2024-07-15T15:30:06,8.49,214.28,26.37,152.54
648,2024-07-15T15:31:32,7.8,452.08,28.67,338.42
649,2024-07-15T15:32:58,6.8,429.37,28.24,407.99
650,2024-07-15T15:34:24,6.67,180.37,29.03,326.87
651,2024-07-15T15:35:50,7.27,870.6,23.77,191.95
652,2024-07-15T15:37:16,7.05,167.4,26.64,330.0
653,2024-07-15T15:38:42,7.72,723.18,28.29,404.37
654,2024-07-15T15:40:08,7.82,341.32,26.21,302.86
655,2024-07-15T15:41:34,8.0,336.43,20.65,419.37
656,2024-07-15T15:43:00,8.41,495.91,21.35,299.87
657,2024-07-15T15:44:26,7.69,522.63,31.73,446.06
658,2024-07-15T15:45:52,8.37,205.59,30.33,320.51
659,2024-07-15T15:47:18,7.23,646.35,29.15,436.34
660,2024-07-15T15:48:44,8.04,113.35,20.81,228.66
661,2024-07-15T15:50:10,6.58,148.38,29.47,301.98
662,2024-07-15T15:51:36,7.76,500.84,24.99,360.54
663,2024-07-15T15:53:02,6.66,529.25,27.39,233.24
664,2024-07-15T15:54:28,7.12,509.04,22.44,392.42
665,2024-07-15T15:55:54,7.57,412.59,27.61,400.36
666,2024-07-15T15:57:20,7.86,152.89,28.38,368.99
667,2024-07-15T15:58:46,8.19,146.32,21.03,280.35
668,2024-07-15T16:00:12,7.41,587.07,23.71,372.51
669,2024-07-15T16:01:38,7.98,195.55,28.49,360.45
670,2024-07-15T16:03:04,6.83,862.41,26.28,384.9
671,2024-07-15T16:04:30,7.94,233.57,21.52,384.34
672,2024-07-15T16:05:56,7.04,809.13,29.26,158.81
673,2024-07-15T16:07:22,8.11,317.58,20.77,363.7
674,2024-07-15T16:08:48,7.65,161.66,25.46,258.04
675,2024-07-15T16:10:14,7.5,553.51,24.41,226.53
676,2024-07-15T16:11:40,6.71,559.13,28.67,218.52
677,2024-07-15T16:13:06,7.52,135.23,30.36,223.37
678,2024-07-15T16:14:32,7.44,406.38,21.8,429.35
679,2024-07-15T16:15:58,8.21,542.29,30.97,372.2
680,2024-07-15T16:17:24,7.34,357.44,25.0,366.09
681,2024-07-15T16:18:50,7.04,162.31,24.47,300.61
682,2024-07-15T16:20:16,8.3,243.48,29.65,444.42
683,2024-07-15T16:21:42,8.41,155.14,25.58,234.69
684,2024-07-15T16:23:08,8.19,361.84,26.64,152.39
685,2024-07-15T16:24:34,6.9,551.05,23.65,336.82
686,2024-07-15T16:26:00,7.43,573.35,25.92,381.78
687,2024-07-15T16:27:26,6.89,820.35,29.13,223.54
688,2024-07-15T16:28:52,6.51,428.03,22.8,253.93
689,2024-07-15T16:30:18,8.18,801.76,31.41,150.44
690,2024-07-15T16:31:44,7.81,779.2,28.73,181.18
691,2024-07-15T16:33:10,7.56,290.53,25.9,167.97
692,2024-07-15T16:34:36,8.49,669.32,21.12,426.38
693,2024-07-15T16:36:02,8.29,515.81,28.41,261.75
694,2024-07-15T16:37:28,8.45,167.92,21.15,190.05
695,2024-07-15T16:38:54,8.14,159.86,26.81,280.49
696,2024-07-15T16:40:20,8.43,289.42,23.13,244.5
697,2024-07-15T16:41:46,8.1,660.58,28.82,245.42
698,2024-07-15T16:43:12,7.04,159.75,22.43,383.98
699,2024-07-15T16:44:38,7.67,224.33,21.97,289.82
700,2024-07-15T16:46:04,7.31,528.74,31.58,212.29
701,2024-07-15T16:47:30,7.12,312.01,21.44,197.28
702,2024-07-15T16:48:56,7.87,761.11,28.36,162.1
703,2024-07-15T16:50:22,8.17,362.23,21.09,224.47
704,2024-07-15T16:51:48,7.21,510.77,28.13,228.05
705,2024-07-15T16:53:14,8.48,124.87,24.85,285.66
706,2024-07-15T16:54:40,8.0,299.88,25.54,391.17
707,2024-07-15T16:56:06,6.78,109.57,29.96,444.77
708,2024-07-15T16:57:32,6.76,758.94,24.47,339.09
709,2024-07-15T16:58:58,7.79,565.86,23.11,393.82
710,2024-07-15T17:00:24,6.54,151.58,30.83,283.03
711,2024-07-15T17:01:50,6.76,824.06,29.95,249.46
712,2024-07-15T17:03:16,6.59,468.8,22.02,322.17
713,2024-07-15T17:04:42,8.14,416.0,20.35,354.96
714,2024-07-15T17:06:08,6.85,271.77,22.25,233.96
715,2024-07-15T17:07:34,8.27,127.72,27.43,223.74
716,2024-07-15T17:09:00,7.09,429.59,26.61,168.29
717,2024-07-15T17:10:26,7.06,209.79,22.39,415.4
718,2024-07-15T17:11:52,7.55,604.6,29.63,388.45
719,2024-07-15T17:13:18,8.48,725.53,24.31,313.36
720,2024-07-15T17:14:44,7.47,830.14,26.03,266.51
721,2024-07-15T17:16:10,6.86,355.1,22.63,418.73
722,2024-07-15T17:17:36,8.06,146.87,31.9,308.83
723,2024-07-15T17:19:02,8.03,899.68,31.69,180.04
724,2024-07-15T17:20:28,7.81,313.22,29.8,425.18
725,2024-07-15T17:21:54,6.61,897.11,22.63,403.95
726,2024-07-15T17:23:20,8.09,383.84,30.07,403.57
727,2024-07-15T17:24:46,6.85,574.02,29.67,359.29
728,2024-07-15T17:26:12,8.33,122.57,28.41,434.27
729,2024-07-15T17:27:38,7.63,550.49,22.26,446.4
730,2024-07-15T17:29:04,8.26,493.78,23.71,297.13
731,2024-07-15T17:30:30,6.68,286.1,22.63,307.93
732,2024-07-15T17:31:56,6.5,834.32,22.42,189.15
733,2024-07-15T17:33:22,7.93,835.02,30.13,247.08
734,2024-07-15T17:34:48,6.54,569.29,31.01,382.31
735,2024-07-15T17:36:14,8.19,788.54,31.53,262.08
736,2024-07-15T17:37:40,8.38,416.48,21.21,240.53
737,2024-07-15T17:39:06,6.77,226.0,31.38,387.55
738,2024-07-15T17:40:32,8.42,619.34,22.09,440.62
739,2024-07-15T17:41:58,7.89,843.08,29.44,216.97
740,2024-07-15T17:43:24,7.68,240.28,23.68,356.55
741,2024-07-15T17:44:50,6.75,683.06,31.39,434.61
742,2024-07-15T17:46:16,7.28,895.43,31.58,159.71
743,2024-07-15T17:47:42,7.7,836.83,31.61,216.27
744,2024-07-15T17:49:08,7.63,849.35,21.69,373.6
745,2024-07-15T17:50:34,6.98,885.9,22.01,415.6
746,2024-07-15T17:52:00,6.68,667.17,27.67,416.0
747,2024-07-15T17:53:26,7.39,312.17,22.99,170.34
748,2024-07-15T17:54:52,7.01,186.43,20.02,265.78
749,2024-07-15T17:56:18,7.97,875.28,30.61,297.92
750,2024-07-15T17:57:44,7.26,536.82,21.22,293.85
751,2024-07-15T18:00:00,8.23,620.78,28.25,198.8
752,2024-07-15T18:01:26,6.65,776.61,23.54,245.62
753,2024-07-15T18:02:52,8.4,159.36,22.04,262.64
754,2024-07-15T18:04:18,7.96,537.64,30.78,177.93
755,2024-07-15T18:05:44,7.69,590.92,25.79,159.3
756,2024-07-15T18:07:10,8.38,232.0,30.68,197.13
757,2024-07-15T18:08:36,6.7,264.44,22.28,359.16
758,2024-07-15T18:10:02,7.94,683.98,23.18,234.46
759,2024-07-15T18:11:28,6.98,139.71,26.86,401.96
760,2024-07-15T18:12:54,6.81,388.66,25.13,238.36
761,2024-07-15T18:14:20,7.82,580.17,22.4,157.72
762,2024-07-15T18:15:46,6.84,333.45,20.98,403.13
763,2024-07-15T18:17:12,7.12,417.97,25.87,348.31
764,2024-07-15T18:18:38,6.68,535.3,22.22,415.65
765,2024-07-15T18:20:04,7.24,456.62,23.16,289.52
766,2024-07-15T18:21:30,6.95,314.85,20.74,375.67
767,2024-07-15T18:22:56,7.83,168.57,24.13,312.43
768,2024-07-15T18:24:22,8.44,571.78,26.64,402.24
769,2024-07-15T18:25:48,8.14,434.91,26.43,410.07
770,2024-07-15T18:27:14,7.45,805.32,25.72,173.69
771,2024-07-15T18:28:40,8.31,671.44,26.03,420.14
772,2024-07-15T18:30:06,8.1,642.03,27.44,186.08
773,2024-07-15T18:31:32,8.01,238.3,31.81,441.65
774,2024-07-15T18:32:58,8.12,200.95,25.08,446.48
775,2024-07-15T18:34:24,7.37,897.82,27.53,400.23
776,2024-07-15T18:35:50,7.02,828.64,30.97,170.1
777,2024-07-15T18:37:16,7.28,417.88,23.91,232.86
778,2024-07-15T18:38:42,7.42,798.77,29.44,336.92
779,2024-07-15T18:40:08,7.55,435.68,24.97,194.46
780,2024-07-15T18:41:34,7.68,706.7,31.28,427.48
781,2024-07-15T18:43:00,7.63,180.79,23.43,310.69
782,2024-07-15T18:44:26,7.19,428.71,24.6,295.68
783,2024-07-15T18:45:52,7.72,129.97,23.3,193.16
784,2024-07-15T18:47:18,7.72,654.93,20.47,416.87
785,2024-07-15T18:48:44,7.16,290.06,28.95,426.25
786,2024-07-15T18:50:10,8.29,116.19,29.81,240.92
787,2024-07-15T18:51:36,7.06,493.3,28.35,179.47
788,2024-07-15T18:53:02,8.24,207.51,31.69,282.93
789,2024-07-15T18:54:28,8.15,315.54,25.0,343.67
790,2024-07-15T18:55:54,6.88,269.11,29.89,372.28
791,2024-07-15T18:57:20,8.02,793.75,29.85,304.58
792,2024-07-15T18:58:46,6.82,348.9,26.08,190.69
793,2024-07-15T19:00:12,8.2,803.47,20.35,207.83
794,2024-07-15T19:01:38,8.17,769.58,22.99,286.93
795,2024-07-15T19:03:04,8.34,663.71,23.29,397.05
796,2024-07-15T19:04:30,7.51,608.33,21.49,159.17
797,2024-07-15T19:05:56,7.24,575.23,22.13,411.14
798,2024-07-15T19:07:22,7.67,379.81,21.96,418.35
799,2024-07-15T19:08:48,8.0,651.08,23.42,265.97
800,2024-07-15T19:10:14,6.83,557.81,31.58,407.13
801,2024-07-15T19:11:40,7.79,642.16,23.23,272.85
802,2024-07-15T19:13:06,6.54,724.24,29.21,152.67
803,2024-07-15T19:14:32,8.32,617.9,27.21,152.54
804,2024-07-15T19:15:58,7.0,744.07,23.67,440.11
805,2024-07-15T19:17:24,7.79,439.05,24.52,254.61
806,2024-07-15T19:18:50,7.0,473.36,28.13,397.29
807,2024-07-15T19:20:16,7.29,181.85,26.14,348.71
808,2024-07-15T19:21:42,8.19,399.38,27.77,332.72
809,2024-07-15T19:23:08,7.1,186.48,20.77,446.51
810,2024-07-15T19:24:34,7.78,789.19,23.13,363.33
811,2024-07-15T19:26:00,8.28,339.03,21.8,379.64
812,2024-07-15T19:27:26,8.3,744.34,29.63,330.01
813,2024-07-15T19:28:52,7.82,644.6,28.66,346.62
814,2024-07-15T19:30:18,8.49,307.54,25.02,266.48
815,2024-07-15T19:31:44,6.57,666.46,26.86,206.97
816,2024-07-15T19:33:10,7.95,277.89,26.42,385.47
817,2024-07-15T19:34:36,8.31,637.49,26.09,403.63
818,2024-07-15T19:36:02,8.18,801.2,22.17,179.28
819,2024-07-15T19:37:28,6.76,306.92,29.7,378.88
820,2024-07-15T19:38:54,6.87,643.77,24.03,176.79
821,2024-07-15T19:40:20,7.21,695.37,23.69,386.43
822,2024-07-15T19:41:46,7.16,308.45,23.53,405.36
823,2024-07-15T19:43:12,7.44,793.11,27.0,433.29
824,2024-07-15T19:44:38,6.64,811.54,26.01,410.25
825,2024-07-15T19:46:04,7.26,338.68,20.65,406.27
826,2024-07-15T19:47:30,6.77,260.24,24.91,320.82
827,2024-07-15T19:48:56,8.31,466.06,23.8,364.7
828,2024-07-15T19:50:22,8.06,490.06,27.57,203.05
829,2024-07-15T19:51:48,7.77,103.77,23.28,378.36
830,2024-07-15T19:53:14,6.84,711.59,25.87,379.07
831,2024-07-15T19:54:40,6.68,591.58,27.6,271.02
832,2024-07-15T19:56:06,8.43,406.65,20.45,209.82
833,2024-07-15T19:57:32,7.25,111.26,23.87,399.97
834,2024-07-15T19:58:58,6.88,641.4,27.52,224.65
835,2024-07-15T20:00:24,7.89,375.48,21.55,265.07
836,2024-07-15T20:01:50,7.68,233.62,29.89,239.46
837,2024-07-15T20:03:16,7.08,682.27,27.16,251.35
838,2024-07-15T20:04:42,8.28,896.38,24.11,420.42
839,2024-07-15T20:06:08,7.22,250.74,31.38,425.46
840,2024-07-15T20:07:34,7.31,282.73,28.73,189.36
841,2024-07-15T20:09:00,7.97,571.75,22.03,259.98
842,2024-07-15T20:10:26,7.8,129.89,30.52,226.74
843,2024-07-15T20:11:52,7.57,138.87,31.94,348.59
844,2024-07-15T20:13:18,7.81,115.79,28.28,275.03
845,2024-07-15T20:14:44,7.26,537.83,25.69,195.94
846,2024-07-15T20:16:10,7.89,604.25,23.61,348.5
847,2024-07-15T20:17:36,7.82,315.98,27.27,191.15
848,2024-07-15T20:19:02,8.16,183.93,28.63,185.32
849,2024-07-15T20:20:28,6.73,185.01,22.38,209.92
850,2024-07-15T20:21:54,7.03,518.52,22.42,361.03
851,2024-07-15T20:23:20,7.09,131.52,25.96,212.31
852,2024-07-15T20:24:46,8.37,364.48,20.03,351.49
853,2024-07-15T20:26:12,8.31,768.19,28.03,194.74
854,2024-07-15T20:27:38,6.68,509.36,28.68,180.39
855,2024-07-15T20:29:04,7.01,284.93,31.86,238.81
856,2024-07-15T20:30:30,7.43,179.85,22.1,161.83
857,2024-07-15T20:31:56,7.08,741.28,23.75,371.56
858,2024-07-15T20:33:22,6.69,706.56,20.55,405.6
859,2024-07-15T20:34:48,7.83,236.41,24.29,281.31
860,2024-07-15T20:36:14,7.74,802.78,21.12,394.49
861,2024-07-15T20:37:40,6.87,420.62,31.55,231.55
862,2024-07-15T20:39:06,7.27,780.54,29.6,344.65
863,2024-07-15T20:40:32,8.09,190.45,28.35,167.59
864,2024-07-15T20:41:58,8.38,227.52,24.99,327.23
865,2024-07-15T20:43:24,8.1,642.71,22.18,263.93
866,2024-07-15T20:44:50,7.22,123.05,28.21,401.56
867,2024-07-15T20:46:16,8.45,204.52,31.04,183.88
868,2024-07-15T20:47:42,7.32,136.78,23.14,244.27
869,2024-07-15T20:49:08,7.91,642.34,29.21,322.99
870,2024-07-15T20:50:34,7.63,882.32,28.04,251.49
871,2024-07-15T20:52:00,7.55,660.46,21.14,348.51
872,2024-07-15T20:53:26,7.0,376.6,28.12,265.46
873,2024-07-15T20:54:52,8.18,546.68,31.85,166.37
874,2024-07-15T20:56:18,7.79,225.54,30.19,405.56
875,2024-07-15T20:57:44,8.24,159.89,25.9,222.27
876,2024-07-15T21:00:00,8.44,140.28,22.67,343.0
877,2024-07-15T21:01:26,7.31,288.0,25.51,390.38
878,2024-07-15T21:02:52,7.4,785.27,25.36,185.61
879,2024-07-15T21:04:18,7.49,622.7,21.23,273.7
880,2024-07-15T21:05:44,7.61,100.14,21.09,331.26
881,2024-07-15T21:07:10,7.74,343.68,26.1,212.06
882,2024-07-15T21:08:36,7.84,860.28,24.36,166.28
883,2024-07-15T21:10:02,6.95,463.57,26.72,335.93
884,2024-07-15T21:11:28,7.45,625.73,28.59,184.21
885,2024-07-15T21:12:54,8.02,277.4,24.1,398.97
886,2024-07-15T21:14:20,8.43,333.59,26.26,360.63
887,2024-07-15T21:15:46,6.59,231.32,21.69,365.06
888,2024-07-15T21:17:12,7.94,185.57,27.33,206.26
889,2024-07-15T21:18:38,8.36,414.32,25.48,384.43
890,2024-07-15T21:20:04,7.93,186.21,24.97,427.99
891,2024-07-15T21:21:30,8.17,571.05,29.27,285.15
892,2024-07-15T21:22:56,7.82,864.95,21.62,299.65
893,2024-07-15T21:24:22,7.56,138.86,31.22,401.64
894,2024-07-15T21:25:48,7.47,506.67,31.05,203.16
895,2024-07-15T21:27:14,7.66,684.4,21.54,266.22
896,2024-07-15T21:28:40,7.7,806.16,26.05,265.4
897,2024-07-15T21:30:06,8.46,832.73,29.15,232.08
898,2024-07-15T21:31:32,8.43,876.39,25.43,190.01
899,2024-07-15T21:32:58,7.33,660.01,28.98,239.67
900,2024-07-15T21:34:24,7.9,788.57,28.54,430.65
901,2024-07-15T21:35:50,7.77,260.71,27.49,237.17
902,2024-07-15T21:37:16,7.19,637.9,31.78,345.03
903,2024-07-15T21:38:42,8.42,503.11,28.33,246.71
904,2024-07-15T21:40:08,6.73,381.79,25.76,321.19
905,2024-07-15T21:41:34,7.83,433.98,28.97,402.42
906,2024-07-15T21:43:00,7.07,777.84,29.7,306.82
907,2024-07-15T21:44:26,6.55,216.26,28.04,209.97
908,2024-07-15T21:45:52,8.0,228.75,23.44,225.17
909,2024-07-15T21:47:18,8.18,652.48,23.54,376.08
910,2024-07-15T21:48:44,6.56,751.22,21.23,410.41
911,2024-07-15T21:50:10,7.98,791.87,28.91,318.38
912,2024-07-15T21:51:36,6.98,727.45,29.59,236.29
913,2024-07-15T21:53:02,7.83,841.19,24.65,437.01
914,2024-07-15T21:54:28,8.45,350.12,26.63,153.89
915,2024-07-15T21:55:54,7.0,596.45,29.37,411.04
916,2024-07-15T21:57:20,8.16,829.19,28.46,344.29
917,2024-07-15T21:58:46,8.01,537.29,27.24,382.84
918,2024-07-15T22:00:12,8.43,335.34,22.13,354.8
919,2024-07-15T22:01:38,6.87,239.04,26.17,263.16
920,2024-07-15T22:03:04,7.36,545.28,21.56,325.2
921,2024-07-15T22:04:30,7.01,364.45,28.52,196.44
922,2024-07-15T22:05:56,6.81,358.1,20.61,429.71
923,2024-07-15T22:07:22,7.73,629.51,25.89,321.8
924,2024-07-15T22:08:48,7.22,727.23,23.81,215.99
925,2024-07-15T22:10:14,6.87,154.54,26.06,274.78
926,2024-07-15T22:11:40,7.57,173.56,22.65,214.01
927,2024-07-15T22:13:06,7.16,388.64,22.62,375.8
928,2024-07-15T22:14:32,7.56,897.3,29.88,444.34
929,2024-07-15T22:15:58,6.52,635.15,25.35,421.35
930,2024-07-15T22:17:24,7.73,596.91,31.51,354.77
931,2024-07-15T22:18:50,7.14,832.75,31.34,265.76
932,2024-07-15T22:20:16,7.58,326.26,30.94,396.63
933,2024-07-15T22:21:42,7.25,742.25,25.35,163.16
934,2024-07-15T22:23:08,8.3,254.01,26.17,434.46
935,2024-07-15T22:24:34,6.83,865.02,26.46,152.2
936,2024-07-15T22:26:00,6.63,636.27,29.28,409.49
937,2024-07-15T22:27:26,7.35,183.14,26.45,360.82
938,2024-07-15T22:28:52,8.45,720.17,27.76,431.93
939,2024-07-15T22:30:18,7.99,223.0,25.51,249.51
940,2024-07-15T22:31:44,6.68,143.41,29.53,317.43
941,2024-07-15T22:33:10,7.65,282.12,23.1,266.41
942,2024-07-15T22:34:36,7.76,446.42,20.2,351.99
943,2024-07-15T22:36:02,7.57,613.14,27.42,376.79
944,2024-07-15T22:37:28,7.67,660.71,20.87,428.41
945,2024-07-15T22:38:54,6.71,729.51,23.62,175.95
946,2024-07-15T22:40:20,8.03,450.14,24.74,348.22
947,2024-07-15T22:41:46,7.45,526.77,21.64,267.3
948,2024-07-15T22:43:12,8.09,536.58,31.52,193.22
949,2024-07-15T22:44:38,7.85,831.34,29.54,368.8
950,2024-07-15T22:46:04,7.25,859.57,26.64,316.52
951,2024-07-15T22:47:30,6.75,104.02,27.16,311.15
952,2024-07-15T22:48:56,8.39,343.75,28.98,421.06
953,2024-07-15T22:50:22,7.19,430.12,27.75,303.77
954,2024-07-15T22:51:48,6.82,276.63,30.02,208.3
955,2024-07-15T22:53:14,6.86,739.73,30.23,405.42
956,2024-07-15T22:54:40,8.36,895.45,25.54,314.9
957,2024-07-15T22:56:06,7.08,153.89,21.18,367.68
958,2024-07-15T22:57:32,7.47,364.68,21.54,346.64
959,2024-07-15T22:58:58,6.7,595.61,30.8,245.34
960,2024-07-15T23:00:24,7.4,593.07,23.67,325.25
961,2024-07-15T23:01:50,7.63,391.59,23.8,278.49
962,2024-07-15T23:03:16,6.51,296.94,22.66,371.94
963,2024-07-15T23:04:42,7.37,772.09,21.61,369.89
964,2024-07-15T23:06:08,8.26,470.28,24.3,241.64
965,2024-07-15T23:07:34,7.6,240.62,27.28,402.54
966,2024-07-15T23:09:00,8.22,212.0,26.46,228.97
967,2024-07-15T23:10:26,8.27,161.17,20.9,155.59
968,2024-07-15T23:11:52,7.51,124.96,26.98,271.54
969,2024-07-15T23:13:18,7.68,825.04,26.62,313.04
970,2024-07-15T23:14:44,8.5,477.68,29.3,259.75
971,2024-07-15T23:16:10,6.95,717.72,28.8,237.3
972,2024-07-15T23:17:36,7.43,508.33,24.76,300.65
973,2024-07-15T23:19:02,7.83,778.39,29.68,334.21
974,2024-07-15T23:20:28,6.83,511.31,25.35,203.74
975,2024-07-15T23:21:54,8.4,627.53,31.61,370.78
976,2024-07-15T23:23:20,7.47,387.04,22.63,296.29
977,2024-07-15T23:24:46,6.63,395.55,20.51,212.03
978,2024-07-15T23:26:12,8.32,389.0,25.64,286.39
979,2024-07-15T23:27:38,6.59,884.47,23.89,361.12
980,2024-07-15T23:29:04,7.54,763.72,30.02,228.99
981,2024-07-15T23:30:30,7.59,239.08,27.84,259.59
982,2024-07-15T23:31:56,7.81,768.38,26.2,262.9
983,2024-07-15T23:33:22,8.31,513.1,24.23,410.32
984,2024-07-15T23:34:48,7.47,485.69,27.25,300.55
985,2024-07-15T23:36:14,6.78,232.48,20.93,343.04
986,2024-07-15T23:37:40,6.92,249.52,24.35,365.19
987,2024-07-15T23:39:06,6.74,284.28,29.73,366.08
988,2024-07-15T23:40:32,7.46,483.05,22.53,198.37
989,2024-07-15T23:41:58,8.17,117.96,20.52,322.05
990,2024-07-15T23:43:24,6.82,603.63,20.47,321.68
991,2024-07-15T23:44:50,6.61,306.61,22.16,437.47
992,2024-07-15T23:46:16,7.7,550.88,20.22,365.86
993,2024-07-15T23:47:42,7.82,326.76,21.03,284.76
994,2024-07-15T23:49:08,8.49,793.84,22.05,399.11
995,2024-07-15T23:50:34,7.7,735.69,29.85,204.57
996,2024-07-15T23:52:00,7.82,311.62,28.69,252.8
997,2024-07-15T23:53:26,7.41,572.48,22.76,265.64
998,2024-07-15T23:54:52,6.72,261.88,30.32,301.31
999,2024-07-15T23:56:18,7.34,219.65,21.16,292.76
1000,2024-07-15T23:57:44,7.73,131.23,29.41,301.0
